,Название,Адрес,Ссылка на прайс,Файл с прайсом
2, 5 ОК , http://www.5ok.com.ua,,
4, 003 - Украина , http://www.003.com.ua,,http://www.003.com.ua/article/16/
7, 100уе.ua , http://100ye.ua,,
5, 1brovary.com.ua , http://1brovary.com.ua,http://1brovary.com.ua/index.php?show_price=yes,
6, 2000.com.ua , http://2000.com.ua,,http://www.2000.com.ua/uploads/temp/price.csv
7, 220v , http://www.220v.com.ua,,http://220v.com.ua/price/220v_price.xls
9, 590.com.ua , http://www.590.com.ua,,
10, 5star , http://www.5star.com.ua,,
11, A-computer , http://a-computer.com.ua/,,http://a-computer.com.ua/files/price_acomp.zip
13, Absolut UA , http://absolutua.com,http://absolutua.com/price.html,
18, AG Sat , http://www.agsat.com.ua,http://www.agsat.com.ua/index.php?show_price=yes,
16, Akerman , http://www.akerman.com.ua,http://www.akerman.com.ua/index.php?show_price=yes,
19, All Best Technics , http://www.abtech.kiev.ua,,
16, all-shop , http://www.all-shop.com.ua,,
17, All-trade.in.ua , http://all-trade.in.ua,,
19, AlphaTech , http://www.alphatech.com.ua/,,
21, Altalux , http://altalux.com.ua/,http://altalux.com.ua/price.html,
20, ASYS-Tech , http://video-ochki.com.ua/,http://video-ochki.com.ua/shop/index.php?ukey=pricelist,
23, AudioMagazin , http://audiomagazin.com.ua,,
23, Avento , http://www.avento.com.ua,,
24, AVICOM , http://www.avicom.kiev.ua,,
25, AVmarket.com.ua , http://www.avmarket.com.ua,,
26, AVS , http://www.plasma-lcd.com.ua,,
27, AVS , http://allprojectors.com.ua/,,
28, AvtoMusic , http://www.avtomusic.com.ua,,http://www.avtomusic.com.ua/img/price.zip
29, B-T.kiev.ua , http://b-t.kiev.ua,,
32, Batareyka , http://www.batareyka.com.ua/,http://www.batareyka.com.ua/price.html,
30, Battstore , http://www.battstore.com.ua/,,http://battstore.com.ua/client/price.rar
32, Be$tCom , http://bestcom.net.ua,,
34, Best-Optics , http://best-optics.com.ua/,http://best-optics.com.ua/index.php?show_price=yes,
34, BestShopping , http://bestshopping.com.ua/,,
36, BM, http://bm.com.ua,,http://www.bm.com.ua/files/bm_all.zip
37, Bomber , http://www.bomber.com.ua/,,
39, BOOM и К , http://www.boom.net.ua,,http://www.boom.net.ua/prices/price.zip
41, Braun , http://www.braun-shop.com.ua/,,
38, BT-TRADE , http://bt-trade.kiev.ua,http://bt-trade.kiev.ua/price/price.xls,
39, bt. , http://bt.com.ua,,http://www.bt.kiev.ua/prices/bt_price.xls
40, Buy.ua , http://www.buy.ua/,,
41, BVShop , http://www.bvshop.com.ua/,,
46, Cezar TM , http://www.cezar.ua,,
46, City-price.com , http://city-price.com,,
45, Comel+ , http://www.comelplus.com.ua,,http://www.comelplus.com.ua/price/COMELPR.xls
46, ComfortShop , http://www.comfortshop.com.ua,http://comfortshop.com.ua/pricelist/,
47, ComLine , http://www.comline.com.ua/,http://comline.com.ua/pricexls.php,
48, Commr , http://commr.com.ua,,
51, Computer Land , http://www.computerland.kiev.ua,,
52, ComServ , http://www.comserv.kiev.ua,,http://www.comserv.kiev.ua/price/emailcomserv.xls
51, coolMART , http://www.coolmart.com.ua,,
54, CTLine , http://www.ctline.com.ua,,
52, Cyfralux , http://www.cyfralux.com.ua,,http://www.cyfralux.com.ua/price/xls
54, DataMart.com.ua. , http://www.datamart.com.ua,,
56, Delta 23 , http://www.delta23.kiev.ua/,,http://www.delta23.kiev.ua/?event=download_price&price=23pavilion.xls
55, Denon , http://denon.com.ua/,http://www.denon.com.ua/index.php?show_price=yes,
56, Deshevshe.net.ua , http://deshevshe.net.ua,,http://deshevshe.net.ua/content/deshevshe_price.xls
58, Dewelve.net.ua , http://dewevle.net.ua/,,
59, DICOTA , http://www.dicota.com.ua,,
60, Digex.com.ua , http://www.digex.com.ua,http://www.digex.com.ua/m_price_list.html,
64, Digital-box , http://digital-box.com.ua,,
65, Digital.in.ua , http://digital.in.ua,http://digital.in.ua/pricelist/,
64, DigitalVideo.com.ua , http://digitalvideo.com.ua,,
65, Dimarson , http://www.dimarson.com.ua,,
66, DiPort.com.ua , http://www.diport.com.ua,,http://www.diport.com.ua/export/price.xls
67, Dom komfort , http://www.dom-komfort.com.ua,,
66, Droid , http://droid.kiev.ua,,
68, Dtrade.com.ua , http://dtrade.com.ua,,http://www.dtrade.com.ua/index.php?section=price
71, e-Tehnika , http://www.e-tehnika.kiev.ua,http://www.e-tehnika.kiev.ua/m_price_list.html,
70, E-Zone , http://e-zone.com.ua/,,
73, E7.com.ua , http://www.e7.com.ua,,
74, eBuy.com.ua , http://eBuy.com.ua,,
72, ECAM (Одесса) , http://www.ecam.com.ua,,
73, Ecom , http://www.ecom.net.ua,,
76, Elbitrade , http://elbitrade.com.ua/,,
75, Elman , http://www.elman.com.ua,,
76, Eshopping , http://www.eshopping.com.ua,,
78, Eurotehnica.kiev.ua , http://eurotehnica.kiev.ua,,
79, Express-Shop , http://www.express-shop.com.ua,,
83, Ficus , http://www.ficus.com.ua/,,
81, Fixer , http://fixer.com.ua,,
82, Flash Trade , http://www.flashtrade.com.ua/,http://www.flashtrade.com.ua/pricelist/,
83, Flashki , http://flashki.kiev.ua,http://flashki.kiev.ua/pricelist/,
85, Fleshca , http://www.fleshca.com.ua,,
86, ForSale , http://www.forsale.com.ua/,,http://www.forsale.com.ua/price.zip
87, fotoMan.com.ua , http://www.fotoman.com.ua/,,
89, Fotos , http://www.fotos.com.ua,http://www.fotoman.com.ua/price.html,
89, Fotox , http://fotox.com.ua/,,http://fotox.com.ua/price.xls
90, FoxMart , http://www.foxmart.com.ua,,
92, FreeShop , http://www.freeshop.com.ua,,
95, Gaming Gear , http://ggear.com.ua,,
93, Garnitura.com.ua , http://www.garnitura.com.ua,,
94, GENESIS , http://www.genesisua.com,,
96, GGshop , http://www.ggshop.com.ua,,http://www.ggshop.com.ua/UserFiles/ggshop_fullprice.zip
100, GRAND.UA , http://www.grand.ua,,http://www.grand.ua/price.php?id=1
96, Graymo , http://graymo.com.ua,http://graymo.com.ua/index.php?show_price=yes,
98, Grid-line , http://www.grid-line.com.ua,,
100, Hi-Fi.net.ua , http://www.hi-fi.net.ua,,
101, Hi-Star , http://www.hi-star.com.ua,http://www.hi-star.com.ua/index.php?show_price=yes,
102, HI-Tech , http://www.hi-tech.com.ua,,
101, Hi-Tek , http://www.hi-tek.com.ua,,
103, Hit-market.com.ua , http://hit-market.com.ua,,
104, Homestore , http://www.homestore.com.ua,,
106, Ibuy , http://ibuy.com.ua/,,
108, Iguan.ua , http://iguan.ua,,
109, iLand , http://store.iland.com.ua,,
107, iLine Company , http://www.iLine.in.ua,,http://www.iline.in.ua/price/price_apple.xls
109, Inet-Mag , http://inet-mag.com.ua,,
110, Inet-Market , http://inet-market.com.ua,,
112, Innotec , http://innotec.com.ua/,,
116, Ion.com.ua , http://ion.co.ua/,,
117, ITA, http://itatech.com.ua/,,
117, ITbox , http://itbox.in.ua/,,
114, ITcomp , http://itcomp.com.ua,,
118, ITonline.com.ua , http://www.itonline.com.ua,,
119, Izona , http://www.izona.com.ua,,
118, KFZ Eurodisk , http://kfz.kiev.ua/,,
119, Kibersport , http://www.kibersport.kiev.ua,http://www.kibersport.kiev.ua/xlsprice.php,
121, KievMarket.com.ua , http://www.KievMarket.com.ua,,
125, KyivTek , http://www.acula.com.ua/,,
122, LAKI , http://www.laki.kiev.ua,http://www.laki.kiev.ua/index.php?ukey=pricelist,
123, Lampa , http://www.e-lampa.com.ua,http://www.e-lampa.com.ua/index.php?ukey=pricelist,
125, LAVKA.KIEV.UA , http://lavka.kiev.ua,http://lavka.kiev.ua/index.php?show_price=yes,
126, MAF , http://www.maf.com.ua/,,
131, MC-Trade , http://www.mc-trade.kiev.ua,,http://www.mc-trade.kiev.ua/mctrade_price.xls
129, MediaMart , http://mediamart.com.ua/,,http://www.mediamart.com.ua/pricexls.php
128, Memos , http://memos.com.ua,,
129, MicroStore , http://microstore.com.ua/,,http://microstore.com.ua/price/microstore.zip
131, Misu , http://www.misu.com.ua,,
131, MobiHouse , http://mobihouse.com.ua/,,
136, Mobilluck.com.ua , http://www.mobilluck.com.ua,,
138, Mtrade , http://www.mtrade.com.ua,,
137, MVclimate , http://www.mvclimate.com.ua,,
139, Navalom.Com.Ua , http://www.navalom.com.ua,,
140, Navicon , http://www.navicon.com.ua,,
137, Noteon , http://www.noteon.com.ua,,
138, NovaTrade , http://www.novatrade.com.ua,,
141, NOVOSTAR , http://novostar.net,,http://novostar.net/prices/?download=edae42bc6baea2285c11e866d01959f6
142, NumberOne , http://www.numberone.kiev.ua,http://www.numberone.kiev.ua/index.php?show_price=yes,
144, OZONE , http://www.OZONE.com.ua,,
145, P-Host , http://p-host.com.ua/,,
146, Panasonic , http://panasonic-ua.net/,,http://panasonic-ua.net/sections/praice
144, Panasonic м-н , http://www.panasonic-shop.kiev.ua,,
149, PCForsage , http://www.pcforsage.com.ua,http://shop.pcforsage.com.ua/index.php?show_price=yes,
150, Pikmarket , http://pikmarket.kiev.ua,,
150, Pokupai.mobi , http://www.pokupai.mobi/,,
151, Protoria , http://protoria.com.ua/,,
154, R&L , http://randl.com.ua/,http://randl.com.ua/index.php?show_price=yes,
154, RB Kiev , http://www.rbkiev.com.ua,,
155, Realair , http://realair.com.ua,,
156, RealShop , http://www.realshop.com.ua,,
154, RIX.com.ua , http://rix.com.ua,,
156, RoyalShop , http://royalshop.com.ua,,
158, S-mart , http://www.s-mart.com.ua,,
159, S-mobile , http://www.s-mobile.com.ua,http://www.s-mobile.com.ua/index.php?show_price=yes,
158, Seldom , http://www.seldom.com.ua,http://www.seldom.com.ua/price.html,
160, Servertrade , http://servertrade.kiev.ua/,,
165, SOFT-SHOP , http://www.soft-shop.com.ua,,http://www.soft-shop.com.ua/price.xls
162, SONY , http://www.sonyshop.kiev.ua,,
163, Sony on-line , http://www.sanford.com.ua,,
165, SOS.UA , http://sos.ua,,
165, Sova-Shop , http://sova-shop.com.ua,http://sova-shop.com.ua/index.php?show_price=yes,
169, SvitBT , http://www.svitbt.com.ua/,http://www.svitbt.com.ua/price_list.htm,
168, Techno Bee , http://technobee.com.ua,,http://technobee.com.ua/pricexls.php
169, Techno Crystal , http://www.tcshop.com.ua/,,
170, Techno Grand , http://technogrand.com.ua/,,
169, Techno Style , http://technostyle.com.ua,,
172, TechnoPlanet , http://www.technoplanet.com.ua,,
171, Tehno Store , http://www.tehno-store.com.ua,http://www.tehno-store.com.ua/price.html,
172, TehnoAge , http://tehnoage.com/,,
175, Tehnoman , http://www.tehnoman.kiev.ua,,http://www.tehnoman.kiev.ua/files/1_prajs1.zip
176, tehnoshop.com.ua , http://tehnoshop.com.ua,,
176, Tehshop , http://www.tehshop.com.ua,,
177, Telefonchik , http://telefonchik.kiev.ua,,
178, Telemarket.com.ua , http://telemarket.com.ua,http://telemarket.com.ua/index.php?show_price=yes,
180, Terrasport , http://terrasport.com.ua,,
184, TV-LCD , http://tv-lcd.com.ua,,
180, TvoyDom.net , http://TvoyDom.net,,
181, TVPlaneta , http://tvplaneta.com.ua,http://tvplaneta.com.ua/pricelist/,
186, Universal Trade , http://www.uth.com.ua,,
186, VASAP , http://vasap.com.ua,http://vasap.com.ua/index.php?show_price=yes,
188, VD Service , http://www.vds.com.ua,,http://rdv.com.ua/price/
190, VideoCom , http://www.videocom.com.ua/,,
188, VIPMobila , http://vipmobila.com.ua/,,http://www.vipmobila.com.ua/xls.php
191, WPC , http://wpc.kiev.ua,,http://battstore.com.ua/client/price.rar
192, www.pin-code.kiev.ua , http://pin-code.kiev.ua,,
192, Zik , http://zik.kiev.ua/,http://zik.kiev.ua/price.html,
193, А-Техно , http://www.a-techno.com.ua/,,
191, АБВ техніка , http://www.abv.com.ua/,,
192, Авантаж Трейд , http://avtrade.com.ua,,http://avtrade.com.ua/prices/comp.xls
195, Аверком Трейд , http://e-home.com.ua,http://e-home.com.ua/index.php?show_price=yes,
195, Алси , http://www.alsi.com.ua,,http://www.alsi.com.ua/PRICE.ZIP
198, Альма-2000 , http://www.alma2k.kiev.ua,http://www.alma2k.kiev.ua/index.php?ukey=pricelist,
199, Альта Системс , http://www.altas.com.ua,http://www.altas.com.ua/pricelist/,
201, Альфа Компьютер , http://www.alfa-mr.kiev.ua,,
203, Амбер , http://www.amber.ua,,
201, Анкор , http://www.ankor.biz,http://www.ankor.biz/price/price.rar,
200, АТТИС , http://attis.ua,,
203, АУДИО ВИДЕО МИР , http://www.audiovideomir.com.ua/,,
205, Бегалёт , http://www.begalet.com.ua,,
207, Ветерок , http://veterok.com.ua,,http://veterok.com.ua/price/veterok.com.ua_price.xls
205, ВМС , http://www.it-solution.com.ua,,
208, ГРОСС , http://www.comp.gross.com.ua,,
206, Датамаг , http://datamag.com.ua,,
208, Дельтаком , http://www.deltacom.com.ua,,
210, Джин , http://www.jin.com.ua/,http://www.jin.com.ua/prices/category/0/,
211, Диавест , http://www.diawest.com,,
214, ДіГіМаркет , http://www.digimarket.kiev.ua,,
215, Евро Плюс , http://www.eplus.kiev.ua,,
216, Ива , http://www.iva.com.ua/,http://www.iva.com.ua/iva_price.html,
215, ИКС-КОМП , http://www.xcomp.kiev.ua,http://www.xcomp.kiev.ua/prices/xcprice-full.zip,
217, Икстайп , http://x-type.com.ua,,
220, Карамелька , http://www.karamelka.com.ua/,,
220, Компания Приоритет , http://shop-prior.com.ua/,http://shop-prior.com.ua/price/,
220, Компасс-Сервис , http://www.compass.ua,,http://www.gb.ua/price/gb21_05.zip
223, КомпьютерПлюс , http://www.computerplus.com.ua,,http://www.computerplus.com.ua/documents/price.xls
222, КомТехСервис , http://www.ktc.com.ua,,http://www.ktc.com.ua/prices/rozn.zip
224, Комтрейдинг , http://www.comtrading.com.ua,,http://www.comtrading.ua/uploads/media/komtreiding18_05_10.xls
225, Кооператор , http://kooperator.com.ua/,http://kooperator.com.ua/index.php?ukey=pricelist,
226, Копир-центр , http://www.copier-centre.kiev.ua,,
224, КОСТ , http://www.cost.com.ua,,http://www.cost.com.ua/cost/download/Price_WWWCost.xls
226, КТ-Груп , http://kt-group.com.ua,,
227, ЛАДОШКИ , http://www.ladoshki.ua,,
230, МакСервис , http://www.mshop.in.ua,,
227, Мегасервис , http://msr.kiev.ua/,http://msr.kiev.ua/pricelist/,
228, Мегаторг , http://megatorg.com.ua,,
231, Мир Покупок , http://www.mir-pokupok.com.ua,,
232, Мир приставок , http://mirpristavok.com.ua/,,
231, МирБТ , http://mirbt.com.ua,http://mirbt.com.ua/index.php?show_price=yes,
236, Мобибум , http://www.mobiboom.com.ua,http://www.skidka.com.ua/index.php?show_price=yes,
238, НЕТКОМ , http://www.netcom.ks.ua,,
234, Портатив , http://www.portativ.ua,,
235, Простор , http://www.pro100r.com.ua,,http://www.pro100r.com.ua/downloads/price.zip
240, Селф , http://www.spin-w.com,,http://fs.spin-w.com/OnlinePrices/SWprice.zip
242, Скайтел Сервис , http://skyservice.com.ua,,
238, Скибицкий ЧП , http://www.mytech.com.ua,,
239, Скиф и К , http://www.mrnout.com.ua,,
240, Сокол , http://www.sokol.ua,,
241, Сорока , http://copoka.com.ua/,,
243, Софтсервис , http://www.softservice.com.ua,,http://www.softservice.com.ua/files/softserv.zip
246, СПД Воронной (SkyTel) , http://www.skytel.com.ua,http://www.skytel.com.ua/index.php?ukey=pricelist,
247, Стереосвит , http://www.stereosvit.ua,,
245, Стиком , http://www.sticom.net.ua,,http://www.sticom.net.ua/data/price/price.zip
248, Сучаснi Електроннi технологii , http://www.set.ua,,
250, Творчество , http://www.creation.kiev.ua,,http://www.creation.kiev.ua/Price/Creation_pricelist.zip
252, Техника для дома , http://tdd.com.ua/,http://tdd.com.ua/index.php?show_price=yes,
249, Техникс , http://www.tehniks.com.ua,,
250, Техникс , http://technix.com.ua,,
251, Техно-Оазис , http://www.techno-oasis.com.ua/,,
254, Технозон , http://www.tehnozon.com.ua,,
256, ТехноКиев , http://tehno.kiev.ua,,http://tehno.kiev.ua/download/price.zip
257, Технокоммерц , http://www.tehkom.com.ua,,
256, ТехноЛидер , http://technolider.com.ua/,,
257, Техномарт , http://www.tehno-mart.com.ua,,
259, Технопарк , http://www.technopark.ua,,http://www.technopark.ua/PriceTP.zip
260, Технопобут , http://www.tpobut.com,http://www.tpobut.com/index.php?show_price=yes,
259, Технопрестиж , http://technoprestige.com.ua,,
260, Технос , http://tehnos.com.ua,http://www.tehnos.com.ua/index.php?show_price=yes,
262,GSL, http://www.gsl.ua/,,
264, Технотрейд , http://tehnotrade.com.ua,,
266, ТехноХата , http://www.tehnohata.com,,
267, Техноцентр , http://www.tehnocenter.com.ua,,
270," ТОВ ""Карре"" ", http://www.karre.com.ua,,
269, Тон-Интер , http://www.ton.kiev.ua,,http://www.ton.kiev.ua/price.zip?PHPSESSID=28c7170a8f000ffdcdb92232c8176643
270, Топаз , http://mkp.kiev.ua,,http://mkp.kiev.ua/price/price.xls
269, Триумфальная Арка , http://arka-hitech.com.ua,,
272, УКРТЕХСБЫТ , http://www.ukrtexzbut.com.ua,,
275, Учсервис , http://www.comp.com.ua,,http://www.comp.com.ua/price.zip
272, Фокстрот , http://www.foxtrot.com.ua,,
276, Форинт , http://www.forint.kiev.ua,,http://www.forint.kiev.ua/prices/price.zip
278, Хакер , http://hacker.ua/,,http://hacker.ua/index.php?show_price=yes
279, Холодильник , http://xolodilnik.kiev.ua,http://xolodilnik.kiev.ua/index.php?show_price=yes,
280, Холодок , http://www.holodok.com.ua,,
279, Цезарь , http://cesar.com.ua,,
282, ЦитруС , http://www.citrus.ua/,,
279, Цифра , http://y.ua/,,
285, Эко Принт-Сервис , http://eps.kiev.ua/,,http://eps.kiev.ua/default.aspx?do=export_excel
286, Элсис , http://www.elsys.kiev.ua,http://www.elsys.kiev.ua/index.php?show_price=yes,
284,002.kiev.ua,002.kiev.ua,,
286,http://metros.com.ua/,http://metros.com.ua/,,
287,044.com.ua,www.044.com.ua,,
280,1-incom.com.ua,www.1in.com.ua,,
281,100.ua,www.100.ua,,
284,100k.com.ua,www.100k.com.ua,,http://www.100k.com.ua/price.zip
287,123market.com.ua,123market.com.ua,,http://123market.com.ua/pricexls.php
288,220v.kiev.ua,www.220v.kiev.ua,,http://220v.com.ua/price/220v_price.xls
285,224.com.ua,224.com.ua,http://224.com.ua/index.php?show_price=yes,
286,24.com.ua,www.24.com.ua,,
287,3kita.net,3kita.net,,
289,4emodan.kiev.ua,4emodan.kiev.ua,,
292,A-Trade.com.ua,www.a-trade.com.ua,,
294,??????,www.auvrora.com,,
294,ABC-market,www.abc-market.com.ua,,
294,ABUYS | abuys.ua,abuys.ua,,
295,ACDC.kiev.ua,www.acdc.kiev.ua,,
296,Acs.net.ua,www.Acs.net.ua,,http://www.acs.net.ua/price/price.zip
297,????,Allo.ua,,
300,Aidatreyd.com.ua,www.aidatreyd.com.ua,,
299,Aksmarket.com.ua,www.aksmarket.com.ua,,http://www.aksmarket.com.ua/price.xls
302,Alant.com.ua,www.Alant.com.ua,http://www.alant.com.ua/price.csv?osCsid=0cc1a6bfe13fe0e2ee331f04fca3ec9e,
305,Allbatt.com,www.Allbatt.com,,http://allbatt.com.ua/pricexls.php?osCsid=2a91e8b3c18ad42fa15154601ed16a42
307,Alltels.com.ua,www.alltels.com.ua,,
306,Amir.com.ua,www.amir.com.ua,,http://www.amir.com.ua/price.xls
307,Amis.org.ua,www.amis.org.ua,,
310,?????? ???????,Atlant-ua.com,http://atlant-ua.com/index.php?show_price=yes,
311,Apeks.kiev.ua,www.apeks.kiev.ua,,http://www.apeks.kiev.ua/price.xls
315,Ariston ???????,Ariston-ua.com,http://ariston-ua.com/index.php?show_price=yes,
313,Artikul.com.ua,www.artikul.com.ua,http://artikul.com.ua/index.php?show_price=yes,
316,Aspark.com.ua,www.Aspark.com.ua,,http://www.aspark.com.ua/pricexls/?t1274455564
313,Astech.com.ua,www.Astech.com.ua,http://www.astech.com.ua/price.html,
316,Ateks.com.ua,www.Ateks.com.ua,,http://ateks.com.ua/files/price.zip
318,ATLANT.ua,www.atlant.ua,,
,Atori.com.ua,Atori.com.ua,,
,Attis.ua,http://www.attis.ua/contact/,,
,Attribute.com.ua,www.attribute.com.ua,,
,Audiosystems.com.ua,www.audiosystems.com.ua,,
,Auto-tuning.in.ua,www.auto-tuning.in.ua,,
,Autoaudio.com.ua,www.Autoaudio.com.ua,,
,AUTOelectronics,www.autoelectronics.com.ua,,
,Automusic.com.ua,www.automusic.com.ua,,
,Automusic.net.ua,automusic.net.ua,,
,Autosayt.com.ua,Autosayt.com.ua,,
,Avb.com.ua,Avb.com.ua,,
,Aviter.kiev.ua,www.aviter.kiev.ua,,
,AVMix.com.ua,www.avmix.com.ua,,
,AVPult ??? ????? ? ???? ???????,www.avpult.com.ua,,
,AVshop.kiev.ua,www.avshop.kiev.ua,,
,Avtocomfort.com.ua,www.avtocomfort.com.ua,,
,Avtofarsh.com.ua,www.avtofarsh.com.ua,,
,Avtorytet.vs.x.kiev.ua,www.avtorytet.vs.x.kiev.ua,,
,Avtotovar.net,Avtotovar.net,,
,Axionit.kiev.ua,www.axionit.kiev.ua,,
,AZON,www.azon.com.ua,,
,Aztec.com.ua,www.Aztec.com.ua,,
,Azurit.com.ua,www.azurit.com.ua,,
,Azvuk.ua,www.azvuk.ua,,
,?????? ?????,www.ua-foto.com,,
,B-smart.com.ua,B-smart.com.ua,,
,B2.com.ua,www.B2.com.ua,,
,Baden.ua,www.baden.ua,,
,Bant.com.ua,Bant.com.ua,,
,Barometr.com.ua,www.Barometr.com.ua,,
,Batareika.kiev.ua,www.batareika.kiev.ua,,
,BBK-shop.com.ua,www.BBK-shop.com.ua,,
,BBK.ua,WWW.BBK.ua,,
,Bcs-market.com,www.Bcs-market.com,,
,Belka Shop,www.belkashop.com.ua,,
,Beri.kiev.ua,www.beri.kiev.ua,,
,Best-Shopping.com.ua,www.Best-Shopping.com.ua,,
,BESTbuy.com.ua,www.bestbuy.com.ua,,
,BestConnection.com.ua,www.bestconnection.com.ua,,
,BestMobile.com.ua,www.bestmobile.com.ua,,
,Bestway.in.ua,Bestway.in.ua,,
,Bioclimat.com.ua,www.bioclimat.com.ua,,
,Bit-a.com,Bit-a.com,,
,Bit-tehnika.com,www.bit-tehnika.com,,
,Bitex.com.ua,www.Bitex.com.ua,,
,Bitovuha.com.ua,www.Bitovuha.com.ua,,
,BKT.com.ua,BKT.com.ua,,
,Bluefilters.ua,Bluefilters.ua,,
,Bluetooth.net.ua,www.Bluetooth.net.ua,,
,Bmcable.com,bmcable.com,,
,Bongo.com.ua,www.bongo.com.ua,,
,BoomBox,www.boombox.kiev.ua,,
,Bosch ???????,Bocsh-ua.com,,
,Bosch-kiev.com.ua,Bosch-kiev.com.ua,,
,BRANDLINE.com.ua,Brandline.com.ua,,
,Bravo.co.ua,www.Bravo.co.ua,,
,BT-Market.com.ua,BT-Market.com.ua,,
,BT-print.com.ua,www.bt-print.com.ua,,
,BT-Shop.com.ua,www.bt-shop.com.ua,,
,BT.Dinstex.com.ua,www.BT.Dinstex.com.ua,,
,Bt.fotomag.com.ua,www.Bt.fotomag.com.ua,,
,BT.KIEV.UA,www.bt.kiev.ua,,
,BTcomfort.com.ua,BTcomfort.com.ua,,
,BTplus.com.ua,BTplus.com.ua,,
,Btpriisk.ho.ua,www.btpriisk.ho.ua,,
,Burunduk.com.ua,www.burunduk.com.ua,,
,Buyok.com.ua,www.buyok.com.ua,,
,Bytovka.net.ua,www.Bytovka.net.ua,,
,Byttehnika.ua,www.shop.byttehnika.ua,,
,C-Tech.com.ua,www.C-Tech.com.ua,,
,CallMe.com.ua,www.CallMe.com.ua,,
,Canonshop.com.ua,www.best-shot.com.ua,,
,Cata ???????,Cata-ua.com,,
,CBM Group,www.cbm.com.ua,,
,Cdline.kiev.ua,www.cdline.kiev.ua,,
,"CDMA ""???????""",www.sdl.com.ua,,
,CDMA Center,www.cdma.bizmir.net,,
,Cdma-mobile.com,www.Cdma-mobile.com,,
,Cdma-mobile.net,www.cdma-mobile.net,,
,CDMA-trade.com.ua,www.cdma-trade.com.ua,,
,CDMA-Ukraine.com.ua,http://cdma-ukraine.com.ua/kontakt.htm,,
,Censoteh.com.ua,www.Censoteh.com.ua,,
,Centurion.in.ua,www.centurion.in.ua,,
,CF.com.ua,www.cf.com.ua,,
,Challenge.kiev.ua,www.challenge.kiev.ua,,
,Chif.com.ua,www.chif.com.ua,,
,Chisto-Karcher.com,www.Chisto-Karcher.com,,
,Chisto-tehnika.com,Chisto-tehnika.com,,
,Ciferus.net,www.Ciferus.net,,
,Cifrotex.com.ua,www.cifrotex.com.ua,,
,Cifrovik.com.ua,www.cifrovik.com.ua,,
,Citrus.com.ua,www.citrus.com.ua,,
,City-market.com.ua,www.City-market.com.ua,,
,City.com.ua,www.City.com.ua,,
,Cityshop.net.ua,www.cityshop.net.ua,,
,Citytime.com.ua,Citytime.com.ua,,
,Climateplus.com.ua,Climateplus.com.ua,,
,Climatmarka.com.ua,Climatmarka.com.ua,,
,Climatmarket.com.ua,www.Climatmarket.com.ua,,
,Climatrade.com.ua,Climatrade.com.ua,,
,Climatshop.com.ua,www.Climatshop.com.ua,,
,Clio.net.ua,www.clio.net.ua,,
,Cofevarka.com.ua,www.Cofevarka.com.ua,,
,Coffee-break.com.ua,www.coffee-break.com.ua,,
,Coffeeman.kiev.ua,Coffeeman.kiev.ua,,
,Coffeemaster.com.ua,www.coffeemaster.com.ua,,
,ColibriUA.com,ColibriUA.com,,
,Comdeluxe.com.ua,Comdeluxe.com.ua,,
,Comland.org.ua,www.comland.org.ua,,
,Comnet.kiev.ua,www.comnet.kiev.ua,,
,Comos.ru,www.comos.ru,,
,Compirbis.kiev.ua,www.compirbis.kiev.ua,,
,Compsale.com.ua,www.compsale.com.ua,,
,Compshop.com.ua,www.compshop.com.ua,,
,ComSoftService,www.comsoft.kiev.ua,,
,Comtrading.ua,Comtrading.ua,,
,Comvek.com.ua,www.Comvek.com.ua,,
,Conditioner-service.kiev.ua,Conditioner-service.kiev.ua,,
,Condor,www.condortex.intwaystore.com,,
,Converse.com.ua,www.converse.com.ua,,
,Coolershop.com.ua,www.coolershop.com.ua,,
,Corason.ua,www.Corason.ua,,
,CTO-Ua.com,www.CTO-Ua.com,,
,Cutty-sark.kiev.ua,www.cutty-sark.kiev.ua,,
,Cyfra.com.ua,www.Cyfra.com.ua,,
,Cyfromir.com.ua,www.Cyfromir.com.ua,,
,Cyfroslav.com.ua,www.cyfroslav.com.ua,,
,Daikin,www.daikin-ua.com.ua,,
,Daikin Air UA,Daikin-ua.net,,
,Damp.kiev.ua,http://damp.kiev.ua/,,
,Dashaus.com.ua,Dashaus.com.ua,,
,Datamart.com.ua,www.Datamart.com.ua,,
,Dechevle.net,www.dechevle.net,,
,Deltacom.com.ua,Deltacom.com.ua,,
,Deltastore.com.ua,www.deltastore.com.ua,,
,Delux.com.ua,Delux.com.ua,,
,Deminox.com.ua,www.deminox.com.ua,,
,Deshevlenet.net,Deshevlenet.net,,
,DesignTrading,www.dtr.kiev.ua,,
,DEXline,www.dexline.com.ua,,
,DGpro,www.dgpro.com.ua,,
,Diant.kiev.ua,www.diant.kiev.ua,,
,Diatrade.com.ua,Diatrade.com.ua,,
,DIAWEST,www.DiaWest.com,,
,DiaWest,www.shop.diawest.com,,
,DiGi.com.ua,www.digi.com.ua,,
,DigiLand,www.Digiland.com.ua,,
,Digiman.com.ua,www.Digiman.com.ua,,
,Digis.com.ua,www.digis.com.ua,,
,Digistok.com.ua,Digistok.com.ua,,
,DIGITA.com.ua,www.Digita.com.ua,,
,DIGITAL STORE,www.dstore.com.ua,,
,Digital-eye.kiev.ua,digital-eye.kiev.ua,,
,DigitalFrame.com.ua,www.DigitalFrame.com.ua,,
,Digitall.kiev.ua,www.digitall.kiev.ua,,
,Digitalland.com.ua,www.digitalland.com.ua,,
,Digitalshop.com.ua,www.digitalshop.com.ua,,
,Digitalvideo.com.ua,DigitalVideo.com.ua,,
,Digium,www.digium.kiev.ua,,
,Dimarson.com.ua,www.Dimarson.com.ua,,
,Dinstex.com.ua,www.dinstex.com.ua,,
,Dipro.com.ua,Dipro.com.ua,,
,Diskoff.net,Diskoff.net,,
,Displanet.com.ua,Displanet.com.ua,,
,Diss7.kiev.ua,www.diss7.kiev.ua,,
,Diwo.com.ua,www.diwo.com.ua,,
,??????,www.rodnik.in.ua,,
,Dmarket.com.ua,www.dmarket.com.ua,,
,Dno.com.ua,www.Dno.com.ua,,
,DOiT.ua - ???????? ????????,www.DOiT.ua,,
,Dom-market.com.ua,dom-market.com.ua,,
,Dom5.com.ua,Dom5.com.ua,,
,Domcoffee.com.ua,www.domcoffee.com.ua,,
,Domino-shop.com.ua,Domino-shop.com.ua,,
,Domix.com.ua,www.Domix.com.ua,,
,Domofon.kiev.ua,Domofon.kiev.ua,,
,DomoShop.com.ua,www.DomoShop.com.ua,,
,DOMOTEHNIKA.com - ???????? ???????,www.domotechnika.com,,
,Domotronika.com.ua,Domotronika.com.ua,,
,Domotronika.com.ua,www.domotronika.com.ua,,
,Domovoy-shop.com.ua,Domovoy-shop.com.ua,,
,Dostatok.pp.net.ua,www.Dostatok.pp.net.ua,,
,Dreambox.com.ua,www.Dreambox.com.ua,,
,Drobak.com.ua,www.drobak.com.ua,,
,Dsl-Electronics.com,www.dsl-electronics.com,,
,DTrade.com.ua,www.DTrade.com.ua,,
,Duhovka.kiev.ua,Duhovka.kiev.ua,,
,DVcomp.kiev.ua,DVcomp.kiev.ua,,
,DvrzShop.com.ua,www.dvrzshop.com.ua,,
,Dyson UA,Dyson-ua.com,,
,E-battery.com.ua,E-battery.com.ua,,
,E-consulting.com.ua,E-consulting.com.ua,,
,E-home.com.ua,www.E-home.com.ua,,
,E-???????,www.E-pokupka.com.ua,,
,E-magazine.kiev.ua,www.e-magazine.kiev.ua,,
,E-ON.UA,www.e-on.com.ua,,
,E-planeta.com.ua,www.E-planeta.com.ua,,
,E-Shop.kiev.ua,www.e-shop.kiev.ua,,
,E-toshiba.co.ua,www.e-toshiba.co.ua,,
,E-Trading.com.ua,www.e-trading.com.ua,,
,e34.com.ua,e34.com.ua,,
,Ebest.com.ua,www.ebest.com.ua,,
,Ebk.com.ua,Ebk.com.ua,,
,Ecomp.com.ua,www.ecomp.com.ua,,
,Econom.kiev.ua,Econom.kiev.ua,,
,Edam.com.ua,Edam.com.ua,,
,Edera.com.ua,www.edera.com.ua,,
,?????.???,www.kruche.net.ua,,
,???? ?,Leega-k.com.ua,,
,???-???,Food-service.com.ua,,
,?????? ????????,Galanz.kiev.ua,,
,??????-???????,Climat-s.com,,
,Egoods.kiev.ua,www.Egoods.kiev.ua,,
,????????,www.incosoft.com.ua,,
,"???????? ""?T?""",www.ita.net.ua,,
,???????? ???,www.dkt.ua,,
,???????????????,www.ibservice.com.ua,,
,????????????,www.ktc.com.ua/sale.php,,
,"??????? ?????? (??? ""???????"")",www.info-tech.com.ua,,
,????????,www.intelekt.kiev.ua,,
,EKO.net.ua,www.EKO.net.ua,,
,Ekoklimat.com.ua,\www.ekoklimat.com.ua,,
,Ekomart.com.ua,www.ekomart.com.ua,,
,elbitrade.com,www.Elbitrade.com,,
,Electrodom.com.ua,www.electrodom.com.ua,,
,Electrohata.kiev.ua,www.Electrohata.kiev.ua,,
,Electrohata.kiev.ua,www.electrohata.kiev.ua,,
,Electrohit.kiev.ua,Electrohit.kiev.ua,,
,Electroline.kiev.ua,www.Electroline.kiev.ua,,
,ElectroMag,www.ElectroMag.com.ua,,
,Electromarket.com.ua,www.electromarket.com.ua,,
,Electrovoz.com.ua,www.electrovoz.com.ua,,
,ELEMENT,www.element.com.ua,,
,Eletorg.com.ua,www.eletorg.com.ua,,
,Elfor,www.elfor.kiev.ua,,
,Eliks.com,www.eliks.com,,
,Elitelaptop.com.ua,Elitelaptop.com.ua,,
,Elitemarket.com.ua,www.elitemarket.com.ua,,
,Elitinform.com.ua,www.elitinform.com.ua,,
,Elixir.kiev.ua,www.elixir.kiev.ua,,
,Elkort.com.ua,www.elkort.com.ua,,
,Elmart.com.ua,Elmart.com.ua,,
,Elnet.net.ua,Elnet.net.ua,,
,Else.com.ua,Else.com.ua,,
,eLynx.com.ua,www.elynx.com.ua,,
,Emobil.kiev.ua,www.Emobil.kiev.ua,,
,Emporium.com.ua,Emporium.com.ua,,
,Eneolit.com,www.eneolit.com,,
,Ensign Technology,www.ensign-technology.com,,
,???? ??,www.protecta.kiev.ua,,
,???.com.ua,Kym.com.ua,,
,Eplus.kiev.ua,Eplus.kiev.ua,,
,Erada.kiev.ua,Erada.kiev.ua,,
,Es-tehnika.com.ua,www.Es-tehnika.com.ua,,
,Eshop.co.ua,www.eshop.co.ua,,
,Eshop.co.ua,www.Eshop.co.ua,,
,Eshopping.com.ua,www.Eshopping.com.ua,,
,Esms.com.ua,www.Esms.com.ua,,
,Esse.net.ua,Esse.net.ua,,
,Etm.com.ua,www.Etm.com.ua,,
,Eurocomfort.com.ua,www.eurocomfort.com.ua,,
,Euroindex.ua,www.Euroindex.ua,,
,Euromag.com.ua,www.euromag.com.ua,,
,Euromart.com.ua,Euromart.com.ua,,
,Europlus.com.ua,www.europlus.com.ua,,
,Eurotehnica.kiev.ua,Eurotehnica.kiev.ua,,
,Exo-Online.com.ua,www.Exo-Online.com.ua,,
,Exoticmobile.com.ua,www.exoticmobile.com.ua,,
,Expert-AUTO,www.Expert-auto.com.ua,,
,Express-shop.com.ua,www.Express-shop.com.ua,,
,Fagor-shop.com.ua,www.fagor-shop.com.ua,,
,fantazer.kiev.ua,www.Fantazer.kiev.ua,,
,Fara.org.ua,Fara.org.ua,,
,Fast Apple,www.Ipod-apple.com.ua,,
,Fenix-Mobile.com,www.fenix-mobile.com,,
,FenixShop.com.ua,www.FenixShop.com.ua,,
,Ferum.com.ua,www.Ferum.com.ua,,
,Fi4a.com,www.fi4a.com,,
,Fialca.com.ua,Fialca.com.ua,,
,Filter.net.ua,www.filter.net.ua,,
,Flash-card.com.ua,Flash-card.com.ua,,
,Flash-Elektronika.com.ua,www.Flash-Elektronika.com.ua,,
,Flashcard.net.ua,www.flashcard.net.ua,,
,Flashka.kiev.ua,www.flashka.kiev.ua,,
,Flashki.kiev.ua,Flashki.kiev.ua,,
,Flashmobile.com.ua,www.flashmobile.com.ua,,
,Flashtrade.com.ua,www.Flashtrade.com.ua,,
,Focal.com.ua,www.focal.com.ua,,
,Folgat.com,www.folgat.ua,,
,FOR CAR,www.Forcar.com.ua,,
,Forcom.kiev.ua,http://www.forcom.kiev.ua/contact.html,,
,Fortyna.com.ua,www.fortyna.com.ua,,
,Fotik.com.ua,www.Fotik.com.ua,,
,Foto-Land,www.Fol.com.ua,,
,Foto-Shop.com.ua,www.foto-shop.com.ua,,
,Foto.ua,www.foto.ua,,
,Fotolit.com.ua,www.Fotolit.com.ua,,
,Fotolux.com.ua,www.fotolux.com.ua,,
,Fotomag.com.ua,www.fotomag.com.ua,,
,Fotoman.com.ua,www.Fotoman.com.ua,,
,Fotomax.com.ua,www.Fotomax.com.ua,,
,Fotomost.com.ua,Fotomost.com.ua,,
,Fotos.ua,www.Fotos.ua,,
,Fotosale.com.ua,www.fotosale.com.ua,,
,FotoStop.com.ua,www.FotoStop.com.ua,,
,FotoVid,www.fotovid.com.ua,,
,FoxMart,www.Foxmart.com.ua,,
,FoxTrade.com.ua,www.FoxTrade.com.ua,,
,Fram95,www.Fram95.com.ua,,
,Freezer.com.ua,www.freezer.com.ua,,
,Frion.com.ua,Frion.com.ua,,
,FullHouse.com.ua,www.FullHouse.com.ua,,
,G-com.kiev.ua,www.g-com.kiev.ua,,
,G-market.com.ua,G-market.com.ua,,
,Gadgets.com.ua,www.Gadgets.com.ua,,
,GadgetStyle.com.ua,www.GadgetStyle.com.ua,,
,Gala-nt.kiev.ua,www.Gala-nt.kiev.ua,,
,Galex-game.com.ua,Galex-game.com.ua,,
,Gamezone.com.ua,www.gamezone.com.ua,,
,Gcomputers.com.ua,Gcomputers.com.ua,,
,Gefest.com.ua,www.gefest.com.ua,,
,Germes.in.ua,Germes.in.ua,,
,Ggshop.com.ua,www.Ggshop.com.ua,,
,Gigant.com.ua,Gigant.com.ua,,
,Giperon.com,www.giperon.com,,
,Gippopo.com.ua,www.gippopo.com.ua,,
,Globaldigital.com.ua,www.Globaldigital.com.ua,,
,Gloria.com.ua,www.gloria.com.ua,,
,GoodMarket.com.ua,www.GoodMarket.com.ua,,
,Goodok.com.ua,www.goodok.com.ua,,
,Goodz,Goodz.com.ua,,
,GooF,www.goof.com.ua,,
,Gorenje ???????,Gorenje-ua.com,,
,GPS-online.com.ua,www.GPS-online.com.ua,,
,Gps-order.com,www.gps-order.com,,
,Gps.com.ua,Gps.com.ua,,
,GPSexpress.com.ua,GPSexpress.com.ua,,
,Gpsgarmin.com.ua,www.gpsgarmin.com.ua,,
,GPSpro.com.ua,www.GPSpro.com.ua,,
,Gpsworld.com.ua,gpsworld.com.ua,,
,GrandService,www.Gsc.com.ua,,
,Grandstore.com.ua,www.grandstore.com.ua,,
,Graymo.com.ua,www.Graymo.com.ua,,
,GSM-ka.com.ua,www.GSM-ka.com.ua,,
,GTSgroup.com.ua,www.gtsgroup.com.ua,,
,Gvozd.com.ua,Gvozd.com.ua,,
,Haier-ua.com,Haier-ua.com,,
,Hardshop.com.ua,Hardshop.com.ua,,
,Harman international,www.harman.com.ua,,
,HD1080.com.ua,hd1080.com.ua/shop,,
,HDV.com.ua,www.Tv-project.com.ua,,
,Hi-Tech-City.com.ua,www.tehnokrat.com.ua,,
,Hi-tech.in.ua,www.hi-tech.in.ua,,
,HiFi-salon.com.ua,HiFi-salon.com.ua,,
,Hit-Market.com.ua,Hit-Market.com.ua,,
,HITS Mobile,www.hits.com.ua,,
,Holodok.com.ua,www.Holodok.com.ua,,
,Hot-water.com.ua,www.hot-water.com.ua,,
,Ht-store.com.ua,Ht-store.com.ua,,
,i-Mart.com.ua,i-Mart.com.ua,,
,??????? ??????????,Shop.ukrgame.net,,
,iBasta.ua,iBasta.ua,,
,Ibit.com.ua,www.ibit.com.ua,,
,iClub.in.ua,iClub.in.ua,,
,???????.com.ua,Pridbay.com.ua,,
,??? ???????????,www.svitrozvag.com.ua,,
,"??? ""????? ""?????""",www.penat.com.ua,,
,???,NKT.com.ua,,
,Igromarket.com.ua,www.Igromarket.com.ua,,
,Iguan.ua,Iguan.ua,,
,????????,Mobalex.com.ua,,
,???? ?????,www.mobisport.com.ua,,
,????-????,www.mobi-sion.com,,
,????-?????,www.mobisport.bigbord.net,,
,???????,www.mobikon.com,,
,???????? - ???? ??????? ?????,www.mobiland.kiev.ua,,
,???????,www.mobitech.com.ua,,
,"??? ""???? ???""",www.itelltd.kiev.ua,,
,I???????-??????? FRAKTAL,www.fraktal.kiev.ua/magazin/index.php,,
,Imei.kiev.ua,www.imei.kiev.ua,,
,Imey.kiev.ua,www.imey.lnd.kiev.ua,,
,Imperial.kiev.ua,www.Imperial.kiev.ua,,
,iMy.com.ua,iMy.com.ua,,
,Infotel,www.infotel.pp.net.ua,,
,Ingress.com.ua,www.ingress.com.ua,,
,Ingvar,www.d-ingvar.kiev.ua,,
,Inkiev.com.ua,www.inkiev.com.ua,,
,inksystem.com.ua,www.inksystem.com.ua,,
,Inox.com.ua,www.inox.com.ua,,
,INOX.com.ua,www.INOX.com.ua,,
,Insit.com.ua,www.insit.com.ua,,
,Instep.com.ua,www.Instep.com.ua,,
,InTech.kiev.ua,www.intech.kiev.ua,,
,Interma.com.ua,Interma.com.ua,,
,Intermarket.com.ua,www.intermarket.com.ua,,
,Interstore.com.ua,www.interstore.com.ua,,
,iPhone 3G,www.Iphone3g-europe.com,,
,iPhone-3g.com.ua,iPhone-3g.com.ua,,
,iPhone.org.ua,iPhone.org.ua,,
,iphone3g.org.ua,iphone3g.org.ua,,
,iphones3g.com.ua,iphones3g.com.ua,,
,iPodshop.com.ua,www.iPodshop.com.ua,,
,IQhouse.kiev.ua,IQhouse.kiev.ua,,
,Ira.com.ua,www.ira.com.ua,,
,Ira1.com.ua,www.Ira1.com.ua,,
,IRS.com.ua,www.IRS.com.ua,,
,Island.com.ua,www.Island.com.ua,,
,Istarhd.com.ua,www.istarhd.com.ua,,
,Istok.kiev.ua,Istok.kiev.ua,,
,IT-land.com.ua,IT-land.com.ua,,
,It-select.com.ua,www.it-select.com.ua,,
,It-Shop.co.ua,www.It-Shop.co.ua,,
,IT-Shop.com.ua,www.IT-Shop.com.ua,,
,IT-Spectrum.com.ua,www.IT-Spectrum.com.ua,,
,IT-Tehnika.com.ua,www.it-tehnika.com.ua,,
,IT-Trade,www.IT-Trade.kiev.ua,,
,IT-Trade,www.it-trade.kiev.ua,,
,Itatech.com.ua,Itatech.com.ua,,
,Itbolit.com.ua,www.itbolit.com.ua,,
,Itbox.in.ua,www.Itbox.in.ua,,
,ITCity.com.ua,www.itcity.com.ua,,
,Itcyfra.net,www.itcyfra.net,,
,ITG LTD,www.pc-kiev.com,,
,ItKom.com.ua,www.ItKom.com.ua,,
,ITKOM.com.ua,www.ITKOM.com.ua,,
,IToffice.com.ua,IToffice.com.ua,,
,Itop.com.ua,www.Itop.com.ua,,
,ITsoul.com.ua,ITsoul.com.ua,,
,iZona.com.ua,www.Izona.com.ua,,
,???????,www.megabuy.ua,,
,?????????? ?????,Msc.com.ua,,
,??????,www.Air.in.ua,,
,Japan Service,www.Js.com.ua,,
,jelezyaka.com,jelezyaka.com,,
,Jera-ua.com,Jera-ua.com,,
,Jin.com.ua,www.Jin.com.ua,,
,Joe.com.ua,Joe.com.ua,,
,Joseph.kiev.ua,http://www.joseph.kiev.ua/,,
,Kaiser ???????,Kaiser-ua.com,,
,Kam.in.ua,www.kam.in.ua,,
,Kamera.net.ua,www.kamera.net.ua,,
,Kamkom.kiev.ua,www.kamkom.kiev.ua,,
,Karamelka,www.tovarnyak.com.ua,,
,Karcher - ???????,Karcher-ua.com,,
,Karcher-yuventa.com,www.karcher-yuventa.com,,
,Karman.in.ua,www.Karman.in.ua,,
,Karno.ua,Karno.ua,,
,Karpovsoft.kiev.ua,www.karpovsoft.kiev.ua,,
,Kavahata.com.ua,www.kavahata.com.ua,,
,Kavovarka.com.ua,www.kavovarka.com.ua,,
,Keyport.com.ua,www.keyport.com.ua,,
,Kgb.kiev.ua,www.kgb.kiev.ua,,
,Kgu.com.ua,www.kgu.com.ua,,
,Kievgas.com.ua,Kievgas.com.ua,,
,Kievplasma.com.ua,kievplasma.com.ua,,
,Kievtorg.kiev.ua,www.Kievtorg.kiev.ua,,
,Kiloom.com,www.kiloom.com,,
,Kingshop.com.ua,www.kingshop.com.ua,,
,Kipit.com.ua,www.kipit.com.ua,,
,Kit.tac.kiev.ua,www.kit.tac.kiev.ua,,
,Kivin.com.ua,www.Kivin.com.ua,,
,Klaster.kiev.ua,www.Klaster.kiev.ua,,
,Klix.com.ua,Klix.com.ua,,
,Klokol.kiev.ua,www.klokol.kiev.ua,,
,Klondayk.com.ua,www.klondayk.com.ua,,
,Koala.com.ua,www.koala.com.ua,,
,Koba.com.ua,www.koba.com.ua,,
,Kofemarket.com.ua,Kofemarket.com.ua,,
,Kofeplaza.com.ua,KofePlaza.com.ua,,
,Komora.com.ua,Komora.com.ua,,
,Kompro.com.ua,Kompro.com.ua,,
,Koshik.com.ua,www.koshik.com.ua,,
,Kotel.org.ua,Kotel.org.ua,,
,Kpiservice.com.ua,www.kpiservice.com.ua,,
,Kralya.com.ua,Kralya.com.ua,,
,KT-Group.com.ua,KT-Group.com.ua,,
,Kupi-deshevle.com.ua,www.Kupi-deshevle.com.ua,,
,KupiTut.com.ua,www.KupiTut.com.ua,,
,Kybik.com.ua,www.Kybik.com.ua,,
,Kyivshop.com,www.Kyivshop.com,,
,KYIVSTARSHOP,http://kyivstarshop.net,,
,KyivTek,www.kt.kiev.ua,,
,Kypi.com.ua,www.Kypi.com.ua,,
,Labaz.ua,www.Labaz.com.ua,,
,Laffka.com,www.laffka.com,,
,Lakmus.ua,Lakmus.ua,,
,Laptop.com.ua,www.laptop.com.ua,,
,Laptop.net.ua,www.laptop.net.ua,,
,Lavka.kiev.ua,Lavka.kiev.ua,,
,Laxi.kiev.ua,www.Laxi.kiev.ua,,
,Laykoni.com,www.Laykoni.com,,
,Lcd.net.ua,www.Lcd.net.ua,,
,LCDshop.com.ua,LCDshop.com.ua,,
,Lds.com.ua,www.lds.com.ua,,
,Leader.net.ua,www.Leader.net.ua,,
,Lenovo-shop.com.ua,www.Lenovo-shop.com.ua,,
,Leoton.kiev.ua,Leoton.kiev.ua,,
,Levite.com.ua,Levite.com.ua,,
,Lexol.com.ua,www.Lexol.com.ua,,
,LG ???????,LG-ua.com,,
,LG-ua,Lg-ua.net,,
,Liebherr ???????,liebherr-ua.com,,
,Liebherr-shop.com.ua,Liebherr-shop.com.ua,,
,Light-shop.com.ua,Light-shop.com.ua,,
,Limpopo.com.ua,Limpopo.com.ua,,
,Linecom systems,www.linecom.kiev.ua,,
,Lks.com.ua,www.lks.com.ua,,
,Loras.com.ua,www.Loras.com.ua,,
,LPT.com.ua,www.Lpt.com.ua,,
,LTM.com.ua,www.ltm.com.ua,,
,Lundlay Market,market.lundlay.com.ua,,
,Lux-tech.com.ua,Lux-tech.com.ua,,
,LuxGroups.com.ua,LuxGroups.com.ua,,
,Luxmobile.kiev.ua,www.luxmobile.kiev.ua,,
,LuxWiFi.com.ua,www.LuxWiFi.com.ua,,
,M-store.com.ua,www.m-store.com.ua,,
,M-zone.com.ua,www.m-zone.com.ua,,
,M1.com.ua,M1.com.ua,,
,Mabilka.com.ua,www.mabilka.com.ua,,
,Mabilka.org.ua,www.mabilka.org.ua,,
,Macforless.com.ua,Macforless.com.ua,,
,MacStore.org.ua,MacStore.org.ua,,
,Magazin.com.ua,www.magazin.com.ua,,
,Magazin4eg.kiev.ua,www.magazin4eg.kiev.ua,,
,Magazino.com.ua,www.magazino.com.ua,,
,Magnitola.com.ua,www.magnitola.com.ua,,
,Market 24,www.Market24.com.ua,,
,Marketus.com.ua,www.marketus.com.ua,,
,Marx.com.ua,www.marx.com.ua,,
,Mast.kiev.ua,www.Mast.kiev.ua,,
,Matrix.ua - ???????? ??????? #1,www.matrix.ua,,
,Matriza.kiev.ua,Matriza.kiev.ua,,
,Maximal.com.ua,Maximal.com.ua,,
,Maximart.net,www.Maximart.net,,
,Maxis.com.ua,www.maxis.com.ua,,
,Maxtrade.com.ua,Maxtrade.com.ua,,
,Mayak-online.kiev.ua,Mayak-online.kiev.ua,,
,MC-Trade,www.Mc-trade.kiev.ua,,
,Mcomp.com.ua,Mcomp.com.ua,,
,MediaLider.com.ua,MediaLider.com.ua,,
,Mediamall.ru,Mediamall.ru,,
,Mediatech.com.ua,www.Mediatech.com.ua,,
,Mega-market.com.ua,www.mega-market.com.ua,,
,Megabite.com.ua,megabite.com.ua,,
,Megabyte,www.megabyte.com.ua,,
,Megabyte.kiev.ua,www.megabyte.kiev.ua,,
,Megalex.com.ua,www.megalex.com.ua,,
,Megapixel.com.ua,www.megapixel.com.ua,,
,Megaport.com.ua,www.Megaport.com.ua,,
,Megaportal.kiev.ua,www.megaportal.kiev.ua,,
,Megastar.com.ua,www.megastar.com.ua,,
,Megatorg.com.ua,www.Megatorg.com.ua,,
,Megazon.com.ua,www.megazon.com.ua,,
,Mercurius.com.ua,www.mercurius.com.ua,,
,Meteomaster.com.ua,Meteomaster.com.ua,,
,Meteorit.com.ua,www.meteorit.com.ua,,
,Metros.com.ua,www.Metros.com.ua,,
,Mexter.com.ua,www.mexter.com.ua,,
,Mgp.net.ua,www.mgp.net.ua,,
,Miaclimate.com.ua,www.miaclimate.com.ua,,
,Microclimat.com.ua,Microclimat.com.ua,,
,Micron.kiev.ua,www.Micron.kiev.ua,,
,Microsell.ua,www.microsell.ua,,
,Milla.ua,Milla.ua,,
,Million.com.ua,www.Million.com.ua,,
,MiniMARKET.in.UA,www.minimarket.in.ua/index.html,,
,Mir3G.com.ua,Mir3G.com.ua,,
,MirIT.com.ua,http://www.mirit.com.ua/contacts,,
,Mirka.com.ua,Mirka.com.ua,,
,MirMobilok.com.ua,www.MirMobilok.com.ua,,
,Mirmt.com.ua,www.mirmt.com.ua,,
,MirPristavok.com.ua,www.MirPristavok.com.ua,,
,Mirtechno.com.ua,Mirtechno.com.ua,,
,Mirtex.com.ua,www.mirtex.com.ua,,
,Mitsubishi Air UA,Mitsubishi-ua.com,,
,Mitsubishi Electric-???????,www.mitsubishi-ua.net,,
,Mitsubishi-heavy,Mitsubishi-heavy.net.ua,,
,MKBT.com.ua,www.MKBT.com.ua,,
,Mnenado.com.ua,Mnenado.com.ua,,
,Mobatt.kiev.ua,www.mobatt.kiev.ua,,
,MobeeLine.com.ua,www.MobeeLine.com.ua,,
,Mobi-lux.com.ua,Mobi-lux.com.ua,,
,Mobidream.com.ua,www.mobidream.com.ua,,
,Mobidrive.com.ua,www.mobidrive.com.ua,,
,Mobiguru.com.ua,http://www.mobiguru.com.ua/kontaktyi.html,,
,MobiIce.com.ua,MobiIce.com.ua,,
,Mobik.kiev.ua,www.mobik.kiev.ua,,
,Mobil House,www.mobil-house.com.ua,,
,Mobila-ua.com,www.mobila-ua.com,,
,Mobilas.org,www.mobilas.org,,
,Mobile for you,www.m4u.com.ua,,
,Mobile.Dinstex.com.ua,mobile.dinstex.com.ua,,
,MOBILES.net.ua,WWW.MOBILES.net.ua,,
,Mobileshop.com.ua,www.mobileshop.com.ua,,
,Mobilfart.com.ua,www.mobilfart.com.ua,,
,Mobiline.com.ua,www.mobiline.com.ua,,
,Mobiliner.net.ua,Mobiliner.net.ua,,
,Mobiliti.com.ua,Mobiliti.com.ua,,
,Mobiliti.net.ua,www.mobiliti.net.ua,,
,Mobility.com.ua,www.mobility.com.ua,,
,Mobillion.com.ua,Mobillion.com.ua,,
,Mobilproff.com.ua,www.mobilproff.com.ua,,
,MobiMan.com.ua,www.mobiman.com.ua,,
,MobiMania - ????????? ???????? (????),www.mobimania.kiev.ua,,
,MobiMarket.ua,www.MobiMarket.ua,,
,Mobimax.com.ua,www.Mobimax.com.ua,,
,Mobiplay.com.ua,www.mobiplay.com.ua,,
,Mobiplus.com.ua,www.Mobiplus.com.ua,,
,Mobishop.net.ua,www.Mobishop.net.ua,,
,Mobistyle.com.ua,www.Mobistyle.com.ua,,
,Mobiteh.com.ua,www.mobiteh.com.ua,,
,Mobitrade.ua,www.mobitrade.ua,,
,Mobix.com.ua,www.mobix.com.ua,,
,Mobizona.com.ua,www.Mobizona.com.ua,,
,Mobos.com.ua,www.Mobos.com.ua,,
,Mobtelphone.com,mobtelphone.com,,
,Modim.com.ua,www.modim.com.ua,,
,Moneta.com.ua,www.moneta.com.ua,,
,Motormusic.kiev.ua,Motormusic.kiev.ua,,
,mp3sound.com.ua,www.mp3sound.com.ua,,
,MrNout.com.ua,MrNout.com.ua,,
,Mshara.com.ua,www.mshara.com.ua,,
,MShop.kiev.ua,www.MShop.kiev.ua,,
,Mtr.com.ua,www.mtr.com.ua,,
,MTrade.com.ua,www.MTrade.com.ua,,
,Mu.com.ua,www.mu.com.ua,,
,Multi.com.ua,www.multi.com.ua,,
,Mvideo.kiev.ua,www.mvideo.kiev.ua,,
,Myiphone.com.ua,www.myiphone.com.ua,,
,Mypda.com.ua,www.mypda.com.ua,,
,Nabaze.com,Nabaze.com,,
,Nabook.com.ua,www.nabook.com.ua,,
,Nanomarket.com.ua,www.nanomarket.com.ua,,
,Naparnik.com.ua,Naparnik.com.ua,,
,Navalom.com.ua,www.Navalom.com.ua,,
,Navigator.ua,www.Navigator.ua,,
,Navitech.kiev.ua,www.navitech.kiev.ua,,
,Nazakaz.com.ua,www.nazakaz.com.ua,,
,???????.com.ua,www.svyaznoy.com.ua,,
,Nbook.net.ua,www.Nbook.net.ua,,
,NBSony.ru,www.NBSony.ru,,
,Nebesa.com,www.nebesa.com,,
,Nedorogo.com.ua,www.nedorogo.com.ua,,
,??????.com.ua,www.Slyhaju.com.ua,,
,Neotrade.com.ua,www.neotrade.com.ua,,
,Neotronik.kiev.ua,www.neotronik.kiev.ua,,
,Net-Safari.com,www.Net-Safari.com,,
,Netsale.kiev.ua,www.netsale.kiev.ua,,
,Netshoping.com.ua,www.netshoping.com.ua,,
,Newgsm.com.ua,www.newgsm.com.ua,,
,NewMarket,www.Newmarket.com.ua,,
,Newmart.com.ua,www.newmart.com.ua,,
,Newstyle.com.ua,www.Newstyle.com.ua,,
,NewTechnology.com.ua,NewTechnology.com.ua,,
,NewWorld,NewWorld.co.ua,,
,Nextgame.com.ua,www.nextgame.com.ua,,
,Nighthunter.com.ua,www.nighthunter.com.ua,,
,NikaNet,www.nikanet.com.ua,,
,NoBox.com.ua,NoBox.com.ua,,
,??????,www.sticom.kiev.ua/contact/contact.php,,
,Nofelet.net.ua,www.nofelet.net.ua,,
,NoFrost.com.ua,NoFrost.com.ua,,
,Notebook.ua,Notebook.ua,,
,NoteBooki.com.ua,www.notebooki.com.ua,,
,Notebookov.net.ua,www.notebookov.net.ua,,
,Notebooks.in.ua,www.Notebooks.in.ua,,
,Notebooks.net.ua,www.notebooks.net.ua,,
,Notus.com.ua,www.Notus.com.ua,,
,?????,www.sfera.in.ua,,
,Nuvi.com.ua,Nuvi.com.ua,,
,?????,Hacker.ua,,
,Oazis.com.ua,www.oazis.com.ua,,
,Office-market.kiev.ua,Office-market.kiev.ua,,
,????????. ??????? ??? ????,www.Foxtrot.com.ua,,
,?????-???????,www.te.com.ua,,
,?????,T4k.com.ua,,
,Olitex.com.ua,www.Olitex.com.ua,,
,ON-Line ??????? “???????? ????i??” ,www.Pobytova.kiev.ua,,
,Onclick.com.ua,www.onclick.com.ua,,
,Online-market.com.ua,www.online-market.com.ua,,
,Optimart.ua,www.optimart.ua,,
,Orion-kiev.com,www.orion-kiev.com,,
,Ostrovok.com.ua,www.Ostrovok.com.ua,,
,OZONE.com.ua,ozone.com.ua,,
,???????,www.teledom.com.ua,,
,?????-?????,www.Teplo-holod.com.ua,,
,??????? ??? ??????????????,www.profi777.com.ua,,
,??????????,www.technowinner.com.ua,,
,????????,www.tbm.kiev.ua,,
,?????????? ????????,homestore.org.ua,,
,????????????,www.Tehkom.com.ua,,
,?????????,www.Tehnomix.com.ua,,
,???????????,www.tehnodesign.com.ua,,
,?????? - ??????? ?????????????,www.techhome.kiev.ua,,
,Panasonic Air UA,Panasonic-ua.com,,
,Panasonic-plaza.ua,www.panasonic-plaza.ua,,
,Panasonic-shop.kiev.ua,Panasonic-shop.kiev.ua,,
,Panflat.com.ua,Panflat.com.ua,,
,PanicPrice,www.PanicPrice.com.ua,,
,Parktronic.com.ua,www.parktronic.com.ua,,
,Pauchok.com.ua,Pauchok.com.ua,,
,Pawn.com.ua,www.Pawn.com.ua,,
,Pc-hard.com.ua,www.Pc-hard.com.ua,,
,Pc-kiev.com,www.Pc-kiev.com,,
,Pc-up.kiev.ua,www.Pc-up.kiev.ua,,
,Pcexpert.com.ua,www.pcexpert.com.ua,,
,Pegas.dp.ua,www.Pegas.dp.ua,,
,Pele.com.ua,www.pele.com.ua,,
,PermyCo.kiev.ua,www.permyco.kiev.ua,,
,Petrovka.ua,Petrovka.ua,,
,Phoneline.com.ua,www.phoneline.com.ua,,
,Photo-Video.ua,Photo-Video.ua,,
,Photo.ua,www.photo.ua,,
,Photoboom.com.ua,www.photoboom.com.ua,,
,Pikmarket.kiev.ua,www.Pikmarket.kiev.ua,,
,Pixelplus.com.ua,www.Pixelplus.com.ua,,
,PlanetaGPS.com,PlanetaGPS.com,,
,Plasma-Shop.com.ua,www.plasma-shop.com.ua,,
,Plasmaxima.com,www.Plasmaxima.com,,
,Plaza-ua.com,www.Plaza-ua.com,,
,Plazma.in.ua (???????-??????????),Plazma.in.ua,,
,Plazma.tv,www.Plazma.tv,,
,PlazmaLux.com.ua,www.PlazmaLux.com.ua,,
,Plazmatex.com.ua,www.Plazmatex.com.ua,,
,Plazzma.com.ua,Plazzma.com.ua,,
,Pleer.com.ua,www.pleer.com.ua,,
,Pleer.kiev.ua,www.pleer.kiev.ua,,
,Pleer.kiev.ua,www.Pleer.kiev.ua,,
,Pleer.net.ua,www.pleer.net.ua,,
,Plus1.com.ua,www.Plus1.com.ua,,
,PNP.kiev.ua,www.Pnp.kiev.ua,,
,Pobuttehnika.kiev.ua,www.pobuttehnika.kiev.ua,,
,Podorozhnik.com.ua,www.podorozhnik.com.ua,,
,Pokupai.mobi,www.Pokupai.mobi,,
,Pokupay.kiev.ua,www.pokupay.kiev.ua,,
,Pokupka.net.ua,www.Pokupka.net.ua,,
,Pokypaj.com.ua,Pokypaj.com.ua,,
,Portamix.com.ua,www.portamix.com.ua,,
,Portamix.com.ua,www.Portamix.com.ua,,
,PortaPlas.com.ua,www.PortaPlas.com.ua,,
,Portativka.com,www.portativka.com,,
,Porto.com.ua,www.porto.com.ua,,
,Pozvoni.kiev.ua,www.Pozvoni.kiev.ua,,
,Pralka.kiev.ua,www.pralka.kiev.ua,,
,Price-mobile.com.ua,www.price-mobile.com.ua,,
,Primenet.ua,Primenet.ua,,
,Printeroff.net,www.printeroff.net,,
,Pristavki.ua,www.pristavki.ua,,
,Procity.com.ua,Procity.com.ua,,
,Prohlada.com.ua,www.prohlada.com.ua,,
,Prombaza.com.ua,www.prombaza.com.ua,,
,Promel.com.ua,www.Promel.com.ua,,
,Promobitel.com,Promobitel.com,,
,Prosto.com.ua,www.prosto.com.ua,,
,Protoria.com.ua,Protoria.com.ua,,
,Provod.net.ua,www.provod.net.ua,,
,Pspclub.com.ua,Pspclub.com.ua,,
,Pulsar.ua,www.Pulsar.ua,,
,Pulya-shop.com.ua,www.pulya-shop.com.ua,,
,PVP.kiev.ua,www.PVP.kiev.ua,,
,Pyramida ???????,Pyramida-ua.com,,
,QSoft.com.ua,QSoft.com.ua,,
,Radiola.com.ua,www.radiola.com.ua,,
,Radiomarket.com.ua,www.radiomarket.com.ua,,
,Radiorynok.com,www.Radiorynok.com,,
,Radioterminal.com.ua,www.radioterminal.com.ua,,
,RainbowUA,Rainbowua.com.ua,,
,Randl.com.ua,www.Randl.com.ua,,
,Rasko.com.ua,www.rasko.com.ua,,
,Raznotorg.com.ua,www.Raznotorg.com.ua,,
,RealShop.com.ua,www.RealShop.com.ua,,
,Reazone.com.ua,www.reazone.com.ua,,
,Redkost.com.ua,redkost.com.ua,,
,Revers.com.ua,www.revers.com.ua,,
,ringoo.com.ua,www.ringoo.com.ua,,
,Rix.com.ua,www.Rix.com.ua,,
,Robotronic.com.ua,Robotronic.com.ua,,
,Ronex.com.ua,www.ronex.com.ua,,
,Rozetka.com.ua,www.Rozetka.com.ua,,
,Rozetka.ua,Rozetka.ua,,
,Rubin.com.ua,Rubin.com.ua,,
,S-I-M.com.ua,www.s-i-m.com.ua,,
,Salecomputers.com.ua,www.salecomputers.com.ua,,
,SaleUA.com,www.SaleUA.com,,
,Samobyt.com.ua,www.samobyt.com.ua,,
,Samsung ???????,Samsung-ua.com,,
,Samsung-UA,Samsung-ua.net,,
,Sandem.com.ua,www.sandem.com.ua,,
,Satmaster.kiev.ua,www.satmaster.kiev.ua,,
,Sato.kiev.ua,www.Sato.kiev.ua,,
,SatVision.com.ua,www.SatVision.com.ua,,
,Savanna.kiev.ua,www.Savanna.kiev.ua,,
,Scout.biz.ua,www.scout.biz.ua,,
,Sdvd.com.ua,www.sdvd.com.ua,,
,Segment-Service,Segment-Service.com.ua,,
,Seldom.com.ua,www.Seldom.com.ua,,
,Senator.com.ua,www.senator.com.ua,,
,Ser.com.ua,Ser.com.ua,,
,SERmobile.com.ua,www.SERmobile.com.ua,,
,Service-IT.kiev.ua,Service-IT.kiev.ua,,
,Seta.net.ua,Seta.net.ua,,
,Sew.kiev.ua ??????? ???????,www.sew.kiev.ua,,
,Sewing.kiev.ua,Sewing.kiev.ua,,
,SHAR.com.ua,www.shar.com.ua,,
,Shara.ua,Shara.ua,,
,Shnur.com.ua,www.shnur.com.ua,,
,Shop-gsm.net,Shop-gsm.net,,
,Shop.Gratis.com.ua,Shop.Gratis.com.ua,,
,Shop.sven.ua,www.Shop.sven.ua,,
,Shop.topdj.ua,shop.topdj.ua,,
,Shop911.com.ua,www.shop911.com.ua,,
,ShopForYou.com.ua,ShopForYou.com.ua,,
,ShopLive.com.ua,www.ShopLive.com.ua,,
,Shopochem.com.ua,Shopochem.com.ua,,
,Shoponline.kiev.ua,www.Shoponline.kiev.ua,,
,Shopping.com.ua,www.shopping.com.ua,,
,Signalka.kiev.ua,www.Signalka.kiev.ua,,
,Silent.com.ua,www.Silent.com.ua,,
,Silverwapa.at.ua,Silverwapa.at.ua,,
,Sim-ka.kiev.ua,www.sim-ka.kiev.ua,,
,Simply-buy.com.ua,www.Simply-buy.com.ua,,
,Sion.com.ua,www.sion.com.ua,,
,Sitech.kiev.ua,www.S-Kiev.com,,
,Skat.com.ua,www.skat.com.ua,,
,Skidka.in.ua,Skidka.in.ua,,
,Sklad-bt.com.ua,www.Sklad-bt.com.ua,,
,SkyMarket,www.SkyMarket.kiev.ua,,
,SkySat.com.ua,SkySat.com.ua,,
,SlavCo.com.ua,www.slavCo.com.ua,,
,Sliderman.com.ua,www.sliderman.com.ua,,
,Slig.kiev.ua,www.slig.kiev.ua,,
,Smart-?????? «18 ????»,http://www.novekolo.biz/18thfloor,,
,Smart60.kiev.ua,www.Smart60.kiev.ua,,
,Smarto.com.ua,www.smarto.com.ua,,
,Smobi.com.ua,www.smobi.com.ua,,
,Sobaka.ua,www.sobaka.ua,,
,Sobi.com.ua,www.Sobi.com.ua,,
,Softkey.ua,www.softkey.ua,,
,SoftList.com.ua,www.SoftList.com.ua,,
,Sonos.com.ua,www.sonos.com.ua,,
,SONY on-line,www.Sanford.kiev.ua,,
,Sony-land.com.ua,www.sony-land.com.ua,,
,Sony-Shop.com.ua,www.sony-shop.com.ua,,
,Sonymarket.com.ua,www.sonymarket.com.ua,,
,Sonyplaza.com.ua,www.sonyplaza.com.ua,,
,Sonyshop.kiev.ua,WWW.Sonyshop.kiev.ua,,
,SonyTrade.com.ua,www.sonytrade.com.ua,,
,SOS.ua,SOS.ua,,
,Sotamarket.com.ua,Sotamarket.com.ua,,
,Soundmaster.com.ua,www.Soundmaster.com.ua,,
,SoundPlanet.com.ua,www.SoundPlanet.com.ua,,
,Spark.ua,www.spark.ua,,
,Speedway.in.ua,Speedway.in.ua,,
,Sproot.com.ua,www.sproot.com.ua,,
,Sprut.com.ua,www.sprut.com.ua,,
,Sputnikovoe.com,www.sputnikovoe.com,,
,ST.ua,ST.ua,,
,StarCom,www.star-com.com.ua,,
,Starcom.com.ua,www.Starcom.com.ua,,
,StargofSoft,http://stargof.com.ua/soft/,,
,StargofTech,http://stargof.com.ua/,,
,Starmobile.com.ua,www.Starmobile.com.ua,,
,Stealth Computers,www.stealthcomp.com,,
,Step,www.step.com.ua/htm/contacts/contacts.htm,,
,Styletime.com.ua,Styletime.com.ua,,
,Stylus.com.ua,www.stylus.com.ua,,
,Sunport.com.ua,Sunport.com.ua,,
,Super-market.kiev.ua,www.super-market.kiev.ua,,
,Super.com.ua,www.super.com.ua,,
,Supercomp.com.ua,Supercomp.com.ua,,
,SV Mobi.com.ua,www.svmobi.com.ua,,
,SV-techno.com.ua,sv-techno.com.ua,,
,Svistok.com.ua,www.Svistok.com.ua,,
,Svitbt.com.ua,www.Svitbt.com.ua,,
,Sweetprice.com.ua,sweetprice.com.ua,,
,Syst.com.ua,Syst.com.ua,,
,T-Trade.com.ua,www.t-trade.com.ua,,
,Taxfree.com.ua,Taxfree.com.ua,,
,Tb.net.ua,www.tb.net.ua,,
,Techlife.com.ua,Techlife.com.ua,,
,Techlife.com.ua,www.techlife.com.ua,,
,Technica.com.ua,www.technica.com.ua,,
,Techno-Oasis.com.ua,Techno-Oasis.com.ua,,
,Techno-Top,www.technotop.com.ua,,
,Techno-Tv.com.ua,www.Techno-Tv.com.ua,,
,Technobee.com.ua,Technobee.com.ua,,
,Technocenter.kiev.ua,www.Technocenter.kiev.ua,,
,Technocontinent.com ????????-???????,www.technocontinent.com,,
,Technodom.kiev.ua,www.Technodom.kiev.ua,,
,Technoera.com.ua,Technoera.com.ua,,
,Technofabrica.com.ua,www.Technofabrica.com.ua,,
,Technogorod.com,www.technogorod.com,,
,Technogorod.com.ua,Technogorod.com.ua,,
,TechnoGrand.com.ua,TechnoGrand.com.ua,,
,Technokray.com,www.technokray.com,,
,TechnoLider.com.ua,www.TechnoLider.com.ua,,
,Technolife.in.ua,www.technolife.in.ua,,
,Technolife.kiev.ua,Technolife.kiev.ua,,
,Technoline.com.ua,Technoline.com.ua,,
,Technolink.com.ua,Technolink.com.ua,,
,TechnoMir.com.ua,www.TechnoMir.com.ua,,
,Technomix.com.ua,www.technomix.com.ua,,
,Technoplanet.com.ua,www.Technoplanet.com.ua,,
,Technoplaza.com.ua,www.Technoplaza.com.ua,,
,Technoplus.com.ua,www.technoplus.com.ua,,
,Technopolis.com.ua,www.technopolis.com.ua,,
,Technoport.kiev.ua,www.technoport.kiev.ua,,
,TechnoSell.com.ua,www.Technosell.com.ua,,
,Technosite.kiev.ua,www.technosite.kiev.ua,,
,Technostyle.com.ua,www.Technostyle.com.ua,,
,TechnoUnity.com.ua,www.technounity.com.ua,,
,Technozoom.ru,Technozoom.ru,,
,Technozuk.com.ua,www.technozuk.com.ua,,
,Techomag.kiev.ua,www.techomag.kiev.ua,,
,Techsales.kiev.ua,www.techsales.kiev.ua,,
,Techsvit.com.ua,www.techsvit.com.ua,,
,Teh.com.ua,www.Teh.com.ua,,
,Tehnica.net.ua,www.tehnica.net.ua,,
,Tehnika.com,www.tehnika.com,,
,Tehnika.in.ua,www.Tehnika.in.ua,,
,Tehnika.kievshop.biz,www.tehnika.kievshop.biz,,
,Tehno-mart.com.ua,Tehno-mart.com.ua,,
,Tehno-Sale.com.ua,www.Tehno-Sale.com.ua,,
,Tehno-store.com.ua,Tehno-store.com.ua,,
,Tehno.com.ua,www.tehno.com.ua,,
,Tehnobaza.com.ua,www.tehnobaza.com.ua,,
,TehnoBrend.com.ua,TehnoBrend.com.ua,,
,Tehnoclub.com.ua,www.Tehnoclub.com.ua,,
,Tehnoferma.com.ua,Tehnoferma.com.ua,,
,TehnoGroup.com.ua,TehnoGroup.com.ua,,
,Tehnohit.com.ua,www.tehnohit.com.ua,,
,Tehnoliga.com.ua,www.tehnoliga.com.ua,,
,Tehnolux.com.ua,www.Tehnolux.com.ua,,
,Tehnomag.com.ua,www.Tehnomag.com.ua,,
,TehnoMix.kiev.ua,www.TehnoMix.kiev.ua,,
,Tehnopolus.com.ua,Tehnopolus.com.ua,,
,Tehnos.com.ua,www.Tehnos.com.ua,,
,Tehnoshop.com.ua,www.Tehnoshop.com.ua,,
,Tehnosota.com.ua,Tehnosota.com.ua,,
,Tehnostar.com.ua,www.tehnostar.com.ua,,
,Tehnotorg.com.ua,www.tehnotorg.com.ua,,
,Tehnotrade.com.ua,Tehnotrade.com.ua,,
,TehnoVip.com,www.TehnoVip.com,,
,Tehnozon.com.ua,www.Tehnozon.com.ua,,
,Tel.in.ua,tel.in.ua,,
,Telegraph,www.telegraph.com.ua,,
,Telek,Telek.net.ua,,
,Telemag.com.ua,www.telemag.com.ua,,
,Telemarket.com.ua,www.Telemarket.com.ua,,
,Telemob.com.ua,Telemob.com.ua,,
,Telephone.net.ua,www.Telephone.net.ua,,
,TeleVideo.com.ua,www.TeleVideo.com.ua,,
,Telex.com.ua,www.telex.com.ua,,
,Telik.com.ua,www.Telik.com.ua,,
,TellHouse.com.ua,www.tellhouse.com.ua,,
,TelStar,www.telstar.com.ua,,
,Teplahata.com.ua,www.teplahata.com.ua,,
,Teplodar.com.ua,www.teplodar.com.ua,,
,Teplolub.com.ua,Teplolub.com.ua,,
,Teplomontag.com.ua,www.teplomontag.com.ua,,
,Teploresurs.com.ua,www.teploresurs.com.ua,,
,Teplosvit.net.ua,Teplosvit.net.ua,,
,Teplovoda,www.teplovoda.com,,
,Test,www.test.com.ua,,
,TEST Telek.net.ua,www.telek.net.ua,,
,Test-98.com,www.test-98.com,,
,Texno-Ostrov.com.ua,Texno-Ostrov.com.ua,,
,Texnolux.com,Texnolux.com,,
,Texnostar.com.ua,www.texnostar.com.ua,,
,Texnoua.com,www.texnoua.com,,
,Tic.kiev.ua,www.tic.kiev.ua,,
,TICOM.com.ua,www.Ticom.com.ua,,
,Tlink.com.ua,Tlink.com.ua,,
,Todos.com.ua,www.todos.com.ua,,
,Tonometr.com.ua,Tonometr.com.ua,,
,TOP SHOP,www.Topshop.kiev.ua,,
,Topbt.com.ua,Topbt.com.ua,,
,Topmobila,www.topmobila.com.ua,,
,Topprise.kiev.ua,www.topprise.kiev.ua,,
,Tora.com.ua,www.tora.com.ua/contacts.html,,
,Torba.net.ua,www.torba.net.ua,,
,Torgivlya.com,Torgivlya.com,,
,Torzhok.com.ua,Torzhok.com.ua,,
,Toshiba UA,Toshiba-ua.net,,
,Tovarnadom.com.ua,www.Tovarnadom.com.ua,,
,Tovaroff.com,Tovaroff.com,,
,Toxic.com.ua,www.Toxic.com.ua,,
,Tpe.kiev.ua,www.tpe.kiev.ua,,
,TPZS.net,www.tpzs.net,,
,Trade Zone,www.Tzone.com.ua,,
,Trade-Lux.com,Trade-Lux.com,,
,TradeStar.com.ua,www.TradeStar.com.ua,,
,Transformer.ua,www.transformer.ua,,
,Tranzistor.net.ua,www.tranzistor.net.ua,,
,Triostar.com.ua,www.triostar.com.ua,,
,Trixi.com.ua,Trixi.com.ua,,
,Ts.lviv.ua,Ts.lviv.ua,,
,Tshop.net.ua,Tshop.net.ua,,
,TV-lcd.com.ua,TV-lcd.com.ua,,
,TV-UA.com,www.TV-UA.com,,
,Tvdshop.com.ua,Tvdshop.com.ua,,
,TVplaneta.com.ua,www.TVplaneta.com.ua,,
,TVT.com.ua,www.TVT.com.ua,,
,tvt.com.ua,www.tvt.com.ua,,
,TVtrade.ru,TVtrade.ru,,
,UA-Electronics.com,www.ua-electronics.com,,
,UaCDMA.kiev.ua,www.uacdma.kiev.ua,,
,Uadigital.com,www.uadigital.com,,
,Uashop.com.ua,www.Uashop.com.ua,,
,uaSONY.com,www.uasony.com/index.html,,
,Uastore.net,www.uastore.net,,
,Uatehno.com.ua,www.uatehno.com.ua,,
,UCRF.COM.UA,www.ucrf.com.ua,,
,UCT-Trade,www.uct-trade.com,,
,Ukostra.com.ua,Ukostra.com.ua,,
,Ukr-Gsm.com.ua,www.Ukr-Gsm.com.ua,,
,Ukra.com.ua,www.ukra.com.ua,,
,UKRPRICE,www.ukrprice.com,,
,Ukrtech.com,Ukrtech.com,,
,Ukrtechno.com,www.ukrtechno.com,,
,Ultra-pc.kiev.ua,Ultra-pc.kiev.ua,,
,Umal.kiev.ua,www.umal.kiev.ua,,
,Umapalata.com.ua,www.umapalata.com.ua,,
,Umix.kiev.ua,www.umix.kiev.ua,,
,Unibind.name,Unibind.name,,
,Unikom,unikom.com.ua,,
,Unishop.kiev.ua,Unishop.kiev.ua,,
,UniTek,www.unitek.com.ua,,
,Upas.kiev.ua,www.upas.kiev.ua,,
,Upas.kiev.ua,www.Upas.kiev.ua,,
,Uragan.com.ua,www.uragan.com.ua,,
,Urta.com.ua,Urta.com.ua,,
,Vaillant-shop.com.ua,Vaillant.ua,,
,Valkor.com.ua,www.Valkor.com.ua,,
,Vareos.com.ua,Vareos.com.ua,,
,Variant.ua,Variant.ua,,
,Vasap.com.ua,Vasap.com.ua,,
,Vataga.com.ua,www.Vataga.com.ua,,
,Vdome.com.ua,www.vdome.com.ua,,
,Vectra Service,www.vectra.com.ua/cont.html,,
,VertuCopy.com.ua,VertuCopy.com.ua,,
,Vertulux.com.ua,Vertulux.com.ua,,
,Vesdom.kiev.ua,www.vesdom.kiev.ua,,
,Veta.co.ua,www.veta.co.ua,,
,Veta.ua,www.veta-tc.com.ua,,
,Veterok.com.ua,Veterok.com.ua,,
,Vibis.com.ua,www.Vibis.com.ua,,
,Videoprof.com.ua,www.videoprof.com.ua,,
,Videoproject.ua,www.videoproject.ua,,
,Videos.com.ua,www.Videos.com.ua,,
,Videosvit.com.ua,www.videosvit.com.ua,,
,Videotech.com.ua,Videotech.com.ua,,
,Vilka.com.ua,www.vilka.com.ua,,
,Vint.com.ua,www.Vint.com.ua,,
,Vip-Torg.com.ua,Vip-Torg.com.ua,,
,Vipproduct.net,Vipproduct.net,,
,Vipstyle.kiev.ua,www.vipstyle.kiev.ua,,
,Viptechnology.com.ua,www.viptechnology.com.ua,,
,VipTehnika.com.ua,www.VipTehnika.com.ua,,
,Vitech.com.ua,www.Vitech.com.ua,,
,Vlr.com.ua,www.vlr.com.ua,,
,Vodonagrevateli.com.ua,Vodonagrevateli.com.ua,,
,Vodovorot.com.ua,Vodovorot.com.ua,,
,Voicetelcom.com,www.voicetelcom.com,,
,Volume.com.ua,www.volume.com.ua,,
,Vstroenka.com.ua,www.vstroenka.com.ua,,
,Vstroyka.net,www.Vstroyka.net,,
,Vstroyki.com.ua,www.vstroyki.com.ua,,
,Vtochku.com.ua,www.vtochku.com.ua,,
,VTShop.com.ua,www.VTShop.com.ua,,
,Webpokupka.com.ua,www.webpokupka.com.ua,,
,WebSale.com.ua,www.WebSale.com.ua,,
,Webshara.com.ua,Webshara.com.ua,,
,Webtrade.com.ua,www.webtrade.com.ua,,
,Wellmax.com.ua,www.wellmax.com.ua,,
,Wfshop.kiev.ua,www.wfshop.kiev.ua,,
,Whathifi.biz,www.whathifi.biz,,
,Whirlpool ???????,Whirlpool-ua.com,,
,Whirlpool-shop.co.ua,www.whirlpool-shop.com.ua,,
,Winauto.in.ua,Winauto.in.ua,,
,Winmart.com.ua,www.winmart.com.ua,,
,Winwordexcel.com,www.winwordexcel.com,,
,Wpc.kiev.ua,Wpc.kiev.ua,,
,X-Comp.com.ua,www.x-comp.com.ua,,
,X-Fi.com.ua,www.X-Fi.com.ua,,
,X-Shop.com.ua,www.x-shop.com.ua,,
,X-Type.com.ua,www.X-Type.com.ua,,
,xGranD.com.ua,www.xgrand.com.ua,,
,Xmobile - ????????-??????? ????????? ?????,www.xmobile.com.ua,,
,XORO.CO.UA,www.shop.xoro.co.ua,,
,Xshop.com.ua,www.xshop.com.ua,,
,Xshop.com.ua,www.Xshop.com.ua,,
,Yamaha-hifi.kiev.ua,www.Yamaha-hifi.kiev.ua,,
,YamahaShop.com.ua,YamahaShop.com.ua,,
,Yees.cd,Yees.cd,,
,???????,shop.acolyte.com.ua,,
,?????????,www.Eldorado.com.ua,,
,???????????,Eddiee.intwaystore.com,,
,YUMAL.COM,www.yumal.com,,
,Zahodi.com.ua,www.zahodi.com.ua,,
,Zanussi-ua.com,Zanussi-ua.com,,
,Zaskos.kiev.ua,Zaskos.kiev.ua,,
,Zebra-mobile.com.ua,www.Zebra-mobile.com.ua,,
,Zevsmarket.com.ua,www.zevsmarket.com.ua,,
,Zik.kiev.ua,www.Zik.kiev.ua,,
,Ziko.kiev.ua,Ziko.kiev.ua,,
,Zmobile.com.ua,www.Zmobile.com.ua,,
,Zonamix.com.ua,www.Zonamix.com.ua,,
,,www.shop.evroset.ua,,
,,edt.kiev.ua,,
,,www.e-a.com.ua,,
,,www.dovira.in.ua,,
,,www.domino-el.com.ua,,
,,www.delotehniki.com.ua,,
,,www.Gelezka.kiev.ua,,
,,www.ciframir.com.ua,,
,,www.Citrus.com.ua,,
,,www.e-moe.biz,,
,,www.vse-e.kiev.ua,,
,,4elements.in.ua,,
,,Yares.ua,,
